{
  "checkpoints": {
    "50": {
      "avg_fvu_per_layer": [
        0.3775215357542038,
        0.43895233869552613,
        0.9158998191356659,
        0.804976224899292,
        1.0732897758483886,
        0.509752345085144,
        0.5499142825603485,
        0.44884238243103025,
        0.26456239968538287,
        0.476999232172966,
        0.3189499944448471,
        13.034206104278564,
        0.4764786422252655,
        0.5188918650150299,
        0.6170173704624176,
        0.5375225961208343,
        0.4789366215467453,
        0.4428798288106918,
        0.43940919935703276,
        0.6008908987045288,
        0.545498526096344,
        0.6253084123134613,
        0.5896465659141541,
        0.6084412217140198,
        0.41622990667819976,
        0.18732747733592986
      ],
      "fvu_differential": [
        0.0018045336008071788,
        -0.02559416592121122,
        0.0040978372097014715,
        0.022855216264724754,
        0.014148199558257968,
        0.047511106729507424,
        -0.04799271225929269,
        -0.007398781180381786,
        -0.030559177696704853,
        -0.01711927354335785,
        0.027417704463005066,
        0.2856549263000474,
        0.020521599054336537,
        0.024033731222152743,
        0.0351773202419281,
        0.030385118722915605,
        0.020686936378479015,
        0.042050719261169434,
        0.052745968103408813,
        0.06458040475845339,
        0.09753082096576687,
        0.0968939572572709,
        0.09139628410339362,
        0.10470223426818848,
        0.061247046291828144,
        0.05631267502903936
      ],
      "total_differential": 1.3304184503853307
    },
    "100": {
      "avg_fvu_per_layer": [
        0.37753217816352846,
        0.4388851970434189,
        0.9160504817962647,
        0.8045906126499176,
        1.0746231913566588,
        0.5105139434337616,
        0.549615865945816,
        0.4454586088657379,
        0.2675682529807091,
        0.47458883821964265,
        0.31995793581008913,
        13.094047737121581,
        0.4770893394947052,
        0.5197383344173432,
        0.6163809716701507,
        0.5382976591587066,
        0.4786613076925278,
        0.4433258920907974,
        0.4392953962087631,
        0.6009461164474488,
        0.5455356299877167,
        0.6254612505435944,
        0.5899983763694763,
        0.6083184242248535,
        0.4169138193130493,
        0.1865770623087883
      ],
      "fvu_differential": [
        0.0018151760101318692,
        -0.02566130757331847,
        0.004248499870300293,
        0.022469604015350364,
        0.015481615066528231,
        0.04827270507812498,
        -0.04829112887382514,
        -0.010782554745674133,
        -0.027553324401378643,
        -0.019529667496681224,
        0.02842564582824708,
        0.345496559143065,
        0.02113229632377628,
        0.024880200624465998,
        0.034540921449661255,
        0.03116018176078794,
        0.020411622524261486,
        0.042496782541275036,
        0.05263216495513917,
        0.06463562250137334,
        0.09756792485713955,
        0.09704679548740391,
        0.0917480945587158,
        0.10457943677902215,
        0.061930958926677715,
        0.05556226000189779
      ],
      "total_differential": 1.3983530513942228
    },
    "150": {
      "avg_fvu_per_layer": [
        0.3775041937828064,
        0.43863463401794434,
        0.9160603940486908,
        0.8046120643615723,
        1.0737738728523254,
        0.5109640449285507,
        0.5443074226379394,
        0.44599594473838805,
        0.26703589856624604,
        0.4771164983510971,
        0.31825019121170045,
        12.55879611968994,
        0.47147412598133087,
        0.5128848612308502,
        0.6113528549671173,
        0.5359283506870269,
        0.4774501472711563,
        0.44321862459182737,
        0.4383956491947174,
        0.600046980381012,
        0.5449529230594635,
        0.6248419761657715,
        0.589648300409317,
        0.6074142515659332,
        0.4164989531040192,
        0.1853567346930504
      ],
      "fvu_differential": [
        0.0017871916294098233,
        -0.02591187059879302,
        0.004258412122726374,
        0.02249105572700505,
        0.01463229656219478,
        0.04872280657291417,
        -0.05359957218170175,
        -0.010245218873023987,
        -0.028085678815841675,
        -0.01700200736522678,
        0.0267179012298584,
        -0.18975505828857564,
        0.015517082810401928,
        0.01802672743797301,
        0.029512804746627874,
        0.028790873289108232,
        0.019200462102890004,
        0.04238951504230498,
        0.051732417941093456,
        0.06373648643493657,
        0.09698521792888642,
        0.09642752110958108,
        0.09139801859855656,
        0.10367526412010186,
        0.061516092717647575,
        0.05434193238615989
      ],
      "total_differential": 1.2164594866335405
    },
    "200": {
      "avg_fvu_per_layer": [
        0.3775515198707581,
        0.43874130249023435,
        0.9161508738994598,
        0.8046538829803467,
        1.0736209750175476,
        0.5132431119680405,
        0.5484143435955048,
        0.44211958050727845,
        0.2663802936673164,
        0.4741747438907623,
        0.3175224125385284,
        12.345568943023682,
        0.4679795026779175,
        0.5080972909927368,
        0.6089954614639282,
        0.5340168833732605,
        0.4772846341133118,
        0.4428286343812943,
        0.43814117908477784,
        0.5991668105125427,
        0.5442374646663666,
        0.6243288934230804,
        0.5886274576187134,
        0.6071998834609985,
        0.4164695769548416,
        0.18557796776294708
      ],
      "fvu_differential": [
        0.0018345177173614835,
        -0.025805202126503002,
        0.004348891973495417,
        0.02253287434577944,
        0.014479398727416992,
        0.051001873612403936,
        -0.049492651224136375,
        -0.014121583104133584,
        -0.028741283714771304,
        -0.019943761825561568,
        0.025990122556686368,
        -0.402982234954834,
        0.012022459506988548,
        0.01323915719985963,
        0.027155411243438787,
        0.026879405975341775,
        0.019034948945045482,
        0.041999524831771884,
        0.05147794783115389,
        0.06285631656646729,
        0.09626975953578948,
        0.09591443836688995,
        0.0903771758079529,
        0.10346089601516717,
        0.06148671656846999,
        0.05456316545605658
      ],
      "total_differential": 1.418011719733477
    },
    "250": {
      "avg_fvu_per_layer": [
        0.37747264802455904,
        0.43886910378932953,
        0.9159868001937866,
        0.8043954551219941,
        1.0752323746681214,
        0.5120061159133911,
        0.5435035288333893,
        0.4430685043334961,
        0.2665527805685997,
        0.4726193696260452,
        0.3193653285503387,
        12.500646781921386,
        0.4713491827249527,
        0.5122145533561706,
        0.6118051826953887,
        0.5357429385185242,
        0.4773232012987137,
        0.4427966773509979,
        0.43794332146644593,
        0.5995667159557343,
        0.5437146544456481,
        0.6236024260520935,
        0.5879811823368073,
        0.6060289144515991,
        0.41599888205528257,
        0.18564602136611938
      ],